data/art/images296.jpg,1
data/art/images282.jpg,1
data/art/images255.jpg,1
data/art/images26.jpg,1
data/art/images241.jpg,1
data/art/images32.jpg,1
data/art/MHA_S5_program_tile-1-792x469.jpg,1
data/art/images269.jpg,1
data/art/Freediver-72.jpg,1
data/art/image22.jpeg,1
data/art/images123.jpg,1
data/art/images137.jpg,1
data/art/V142DldbvuOUyPcvWOWtUml3PGF7tqv076OiU0YR.jpg,1
data/art/images321.jpg,1
data/art/images309.jpg,1
data/art/images308.jpg,1
data/art/images320.jpg,1
data/art/images136.jpg,1
data/art/images122.jpg,1
data/art/images268.jpg,1
data/art/images33.jpg,1
data/art/images240.jpg,1
data/art/images27.jpg,1
data/art/images254.jpg,1
data/art/image18.jpeg,1
data/art/images283.jpg,1
data/art/images297.jpg,1
data/art/images281.jpg,1
data/art/Paintings20in20Print20Calendar_1.jpg,1
data/art/images295.jpg,1
data/art/images31.jpg,1
data/art/images242.jpg,1
data/art/images25.jpg,1
data/art/images256.jpg,1
data/art/images19.jpg,1
data/art/d0fb542e55ebee0079e431af146de94d0600321e-2000x1120.png,1
data/art/AKPQZvznfWt9Rk4k-1MAq1CjkAHbjXFwNo0cbicDTspijgs64-c-mo.jpg,1
data/art/images134.jpg,1
data/art/images120.jpg,1
data/art/images108.jpg,1
data/art/CJBKNIKEKZDVXI7X3ARH5E7S6Y.jpg,1
data/art/images322.jpg,1
data/art/images323.jpg,1
data/art/images109.jpg,1
data/art/220px-Anime_Art_Styles.png,1
data/art/cute-anime-uptxxcxl4h2zoe9r.jpg,1
data/art/images121.jpg,1
data/art/images135.jpg,1
data/art/97983351.jpg,1
data/art/bestnetflixanime-slideshow-1655849298497.jpg,1
data/art/shutterstock_1784607857-1.jpeg,1
data/art/images18.jpg,1
data/art/images257.jpg,1
data/art/images24.jpg,1
data/art/images243.jpg,1
data/art/images30.jpg,1
data/art/104762256.jpg,1
data/art/image14.jpeg,1
data/art/images294.jpg,1
data/art/images280.jpg,1
data/art/image15.jpeg,1
data/art/images284.jpg,1
data/art/images290.jpg,1
data/art/images34.jpg,1
data/art/images247.jpg,1
data/art/images20.jpg,1
data/art/images253.jpg,1
data/art/4019145-anime-dek-image.jpg,1
data/art/images119.jpg,1
data/art/images131.jpg,1
data/art/images125.jpg,1
data/art/meditative-colouring-adults_1024x1024.jpg,1
data/art/images327.jpg,1
data/art/anime_boys-h_half_column_mobile.png,1
data/art/images326.jpg,1
data/art/images332.jpg,1
data/art/640px-Art-portrait-collage_2.jpg,1
data/art/images124.jpg,1
data/art/images130.jpg,1
data/art/images118.jpg,1
data/art/images252.jpg,1
data/art/images21.jpg,1
data/art/Revival-Beach-2011-E28093-2015.-Ink-and-gouache-on-paper.-89-x-107-cm-1.jpg,1
data/art/C4EKjFB.jpg,1
data/art/images246.jpg,1
data/art/images35.jpg,1
data/art/images291.jpg,1
data/art/Captain-Tsubasa-Junior-Youth-Arc-LCR-res.jpg,1
data/art/images285.jpg,1
data/art/_123883326_852a3a31-69d7-4849-81c7-8087bf630251.jpg,1
data/art/October-20th-Hero-scaled.jpg,1
data/art/images293.jpg,1
data/art/images287.jpg,1
data/art/images278.jpg,1
data/art/images250.jpg,1
data/art/images23.jpg,1
data/art/1597814870881.jpg,1
data/art/images244.jpg,1
data/art/images37.jpg,1
data/art/image19.jpeg,1
data/art/girl-sky_1340-27755.jpg,1
data/art/images126.jpg,1
data/art/images132.jpg,1
data/art/The-Art-of-Making-Art-About-a-Plague.jpg,1
data/art/images318.jpg,1
data/art/index-anime-1674137684.jpg,1
data/art/images324.jpg,1
data/art/images330.jpg,1
data/art/images331.jpg,1
data/art/images325.jpg,1
data/art/images319.jpg,1
data/art/images133.jpg,1
data/art/images127.jpg,1
data/art/Mona-Lisa-oil-wood-panel-Leonardo-da.jpg,1
data/art/image23.jpeg,1
data/art/String-quilt-housetop-pattern-african-american.jpg,1
data/art/images-89.jpeg,1
data/art/images36.jpg,1
data/art/images245.jpg,1
data/art/images22.jpg,1
data/art/images251.jpg,1
data/art/images279.jpg,1
data/art/images286.jpg,1
data/art/images292.jpg,1
data/art/images86.jpg,1
data/art/images92.jpg,1
data/art/1691401019_cms2.jpg,1
data/art/images45.jpg,1
data/art/images236.jpg,1
data/art/images51.jpg,1
data/art/images222.jpg,1
data/art/nft-art-2.jpg,1
data/art/images79.jpg,1
data/art/images183.jpg,1
data/art/images197.jpg,1
data/art/sara-ludy-untitled-7-2020.jpg,1
data/art/images140.jpg,1
data/art/25-most-popular-characters-in-anime-history-according-to-myanimelist.jpg,1
data/art/image28.jpeg,1
data/art/images154.jpg,1
data/art/images6.jpg,1
data/art/images168.jpg,1
data/art/maxresdefault.jpg,1
data/art/18-best-anime-of-all-time.jpg,1
data/art/133470.jpg,1
data/art/baki-watch-order.jpg,1
data/art/images7.jpg,1
data/art/images169.jpg,1
data/art/DALLE-AI-Image-of-Cat-Portrait.jpeg,1
data/art/images155.jpg,1
data/art/images141.jpg,1
data/art/stock-vector-young-man-anime-style-character-vector-illustration-design-anime-boy-2313503427.jpg,1
data/art/best-anime-games.jpg,1
data/art/images196.jpg,1
data/art/images182.jpg,1
data/art/Mutu_Lizard-Love-Square.jpg,1
data/art/images78.jpg,1
data/art/images223.jpg,1
data/art/images50.jpg,1
data/art/images237.jpg,1
data/art/images44.jpg,1
data/art/images93.jpg,1
data/art/image12.jpeg,1
data/art/images87.jpg,1
data/art/images91.jpg,1
data/art/images85.jpg,1
data/art/150711.jpg,1
data/art/images221.jpg,1
data/art/images52.jpg,1
data/art/images235.jpg,1
data/art/images46.jpg,1
data/art/jujutsu-kaisen-the-official-anime-guide-season-1-9781974740819_hr.jpg,1
data/art/images209.jpg,1
data/art/image32.jpeg,1
data/art/images194.jpg,1
data/art/must-know-paintings-1.jpg,1
data/art/image24.jpeg,1
data/art/images180.jpg,1
data/art/luffy-from-one-piece-goku-from-dragon-ball-z-and-saitama-from-one-punch-man.jpg,1
data/art/images157.jpg,1
data/art/images143.jpg,1
data/art/images5.jpg,1
data/art/file-20191008-128681-ngzwqb.jpg,1
data/art/E382BDE3838BE383BCE4B88AEFBC89E8BFBDE58AA0E38080E9ACBCE6BB85E381AEE5888320200805183428557_Data.jpg,1
data/art/anime_girl-h_half_column_mobile.png,1
data/art/painting-palette.png,1
data/art/images4.jpg,1
data/art/images142.jpg,1
data/art/images156.jpg,1
data/art/Paul-Banda_lead4-copy.jpg,1
data/art/image6.jpeg,1
data/art/images181.jpg,1
data/art/images195.jpg,1
data/art/saatchi_art_og_image.jpg,1
data/art/0efa75cf415ec389fa7e8c4e3f65ebcc98-ANIME.jpg,1
data/art/01_TonsOfDubs_DangersInMyHeart.jpg,1
data/art/images208.jpg,1
data/art/images47.jpg,1
data/art/images234.jpg,1
data/art/images53.jpg,1
data/art/images220.jpg,1
data/art/images84.jpg,1
data/art/1018_art_holiday_spotlight_OPPcanvas.jpg,1
data/art/images90.jpg,1
data/art/pngtree-anime-white-fox-boy-playing-headphones-in-a-dungeon-picture-image_3525271.jpg,1
data/art/images94.jpg,1
data/art/images80.jpg,1
data/art/images218.jpg,1
data/art/images224.jpg,1
data/art/images57.jpg,1
data/art/1180w-463h_010920-riviera-art-gallery-780x440.jpg,1
data/art/images230.jpg,1
data/art/images43.jpg,1
data/art/smn_npr_choosingart_illo2_wide-47e947d97fe721a92e0bad06ac077bdb14262c70-s1100-c50.jpg,1
data/art/anime-cute-girl-free-vector.jpg,1
data/art/image7.jpeg,1
data/art/images191.jpg,1
data/art/images185.jpg,1
data/art/images152.jpg,1
data/art/images146.jpg,1
data/art/8378f663-d028-48f1-87de-fc5f872aa948_hero-photo-to-art-5.jpg,1
data/art/A_beginners_guide_to_watching_anime_1676364465623_1676364465839_1676364465839.jpeg,1
data/art/images147.jpg,1
data/art/images153.jpg,1
data/art/images184.jpg,1
data/art/image25.jpeg,1
data/art/images190.jpg,1
data/art/1681893138913_demonslayer3840x21609326.jpg,1
data/art/woman-at-cartooning-desk-portrait-1695144353-derivative.webp,1
data/art/images42.jpg,1
data/art/images231.jpg,1
data/art/images56.jpg,1
data/art/images225.jpg,1
data/art/images219.jpg,1
data/art/group_logo_en.jpg,1
data/art/images81.jpg,1
data/art/images95.jpg,1
data/art/FINE-ART2-768x768.jpg,1
data/art/images83.jpg,1
data/art/istock-1357759108.jpg,1
data/art/image13.jpeg,1
data/art/8b43d3f6ca573fd85afe0c6df608062c.jpg,1
data/art/images97.jpg,1
data/art/images68.jpg,1
data/art/images40.jpg,1
data/art/images233.jpg,1
data/art/images54.jpg,1
data/art/images227.jpg,1
data/art/7-Tips-to-Finding-Art-Inspiration-Header-1024x649.jpg,1
data/art/images186.jpg,1
data/art/images192.jpg,1
data/art/151757.jpg,1
data/art/images179.jpg,1
data/art/images3.jpg,1
data/art/images145.jpg,1
data/art/07_View-of-the-exhibition-Pacita-Abad-A-Million-Things-to-Say-scaled.jpg,1
data/art/Anime-Coloring-Pages-for-Kids.png,1
data/art/Abstract-art-britto-qb140_1-900x486.jpg,1
data/art/images151.jpg,1
data/art/cute-anime-girl-in-black-hoodie-and-green-eyes-vector-39706554.jpg,1
data/art/images150.jpg,1
data/art/image29.jpeg,1
data/art/images144.jpg,1
data/art/images2.jpg,1
data/art/images178.jpg,1
data/art/images193.jpg,1
data/art/images187.jpg,1
data/art/top25animecharacters-blogroll-1660777571580.jpg,1
data/art/1607601332291_IMG_20201128_134909__85629.1687170945.jpg,1
data/art/images226.jpg,1
data/art/images55.jpg,1
data/art/images232.jpg,1
data/art/images41.jpg,1
data/art/images69.jpg,1
data/art/images96.jpg,1
data/art/images82.jpg,1
data/art/image10.jpeg,1
data/art/images64.jpg,1
data/art/images217.jpg,1
data/art/a0d3b1a25bb0b402a04799012db82305834077f0-1920x983.jpg,1
data/art/images70.jpg,1
data/art/images203.jpg,1
data/art/images58.jpg,1
data/art/top-5-villains-in-anime-1696856689.jpeg,1
data/art/colorful-tree-with-word-tree-it_499485-565.jpg,1
data/art/images161.jpg,1
data/art/images175.jpg,1
data/art/image8.jpeg,1
data/art/images149.jpg,1
data/art/5c012eec9eef195ccdc36e79fc1da9e344-anime-lede.rsquare.w400.jpg,1
data/art/images148.jpg,1
data/art/images174.jpg,1
data/art/images160.jpg,1
data/art/avatars-sqpFyHHydfkys2TW-eUwhog-t500x500.jpg,1
data/art/images59.jpg,1
data/art/images202.jpg,1
data/art/images71.jpg,1
data/art/104670161.jpg,1
data/art/images216.jpg,1
data/art/images65.jpg,1
data/art/8-1024x768.jpg,1
data/art/images98.jpg,1
data/art/the-12-most-popular-anime-of-all-time-rp.jpg,1
data/art/images200.jpg,1
data/art/images73.jpg,1
data/art/images214.jpg,1
data/art/images67.jpg,1
data/art/images228.jpg,1
data/art/Mahuri.jpg,1
data/art/medium-pop-art-cubism-poster-wall-art-poster-pgully-pgp1388-original-imaf9jfyt36zhnng.jpeg,1
data/art/300px-Wikipe-tan_in_Different_Anime_Styles.png,1
data/art/images189.jpg,1
data/art/image4.jpeg,1
data/art/images176.jpg,1
data/art/images162.jpg,1
data/art/What-is-Modern-Art-Definition-History-and-Examples-Featured.jpg,1
data/art/71WbcekHTbL._AC_UF10001000_QL80_.jpg,1
data/art/Aoashi-anime.jpg,1
data/art/images163.jpg,1
data/art/images177.jpg,1
data/art/images188.jpg,1
data/art/image26.jpeg,1
data/art/anime-girl-night-cute-generative-ai_791316-5697.jpg,1
data/art/mind-bending-optical-illusion-art-by-victor-vasarely.jpg,1
data/art/the-importance-of-art-social-share.jpg,1
data/art/image30.jpeg,1
data/art/images229.jpg,1
data/art/What-is-Anime-E28094-Origins-Evolution-and-Modern-Examples-Featured.jpg,1
data/art/Culture_BELLE2520close-up_GKIDS.jpg,1
data/art/horse-1.jpg,1
data/art/images66.jpg,1
data/art/images215.jpg,1
data/art/images72.jpg,1
data/art/images201.jpg,1
data/art/images99.jpg,1
data/art/vh5ra2svx1d51.jpg,1
data/art/images89.jpg,1
data/art/image.jpeg,1
data/art/images239.jpg,1
data/art/images205.jpg,1
data/art/images76.jpg,1
data/art/images211.jpg,1
data/art/images62.jpg,1
data/art/image31.jpeg,1
data/art/anime_blog_post_blog_Header.png,1
data/art/images198.jpg,1
data/art/hybrid-affordable-photography-cropped-large.jpg,1
data/art/image27.jpeg,1
data/art/images173.jpg,1
data/art/images167.jpg,1
data/art/images9.jpg,1
data/art/image33.jpg,1
data/art/image32.png,1
data/art/images166.jpg,1
data/art/images8.jpg,1
data/art/15-dark-anime-that-only-get-darker.jpg,1
data/art/images172.jpg,1
data/art/The-Scream-casein-cardboard-Edvard-Munch-National-1893.jpg,1
data/art/images199.jpg,1
data/art/young-man-anime-style-730x399.jpg,1
data/art/image5.jpeg,1
data/art/Pluto_S1_Sneak_Peek_Thumb_16X9.jpg,1
data/art/hbz-art-of-beauty-november-2017-00-index1-1508846571.jpg,1
data/art/f12.png,1
data/art/anime-boy-dark-oltg2lztxcu00bec.jpg,1
data/art/images63.jpg,1
data/art/images210.jpg,1
data/art/images77.jpg,1
data/art/images204.jpg,1
data/art/arts-how-arts-benefits-us-all.jpg,1
data/art/images238.jpg,1
data/art/cover_issue_1951_en_US.jpg,1
data/art/images88.jpg,1
data/art/students-drawing-hero.jpg,1
data/art/Gallery_interior_people_Rory_Lindsay-44-scaled-aspect-ratio-16-9-scaled.jpg,1
data/art/sololeveling-1670960098390.jpg,1
data/art/images49.jpg,1
data/art/images61.jpg,1
data/art/images212.jpg,1
data/art/images75.jpg,1
data/art/images206.jpg,1
data/art/animes.jpg,1
data/art/anime-woman-portrait-manga-style-cartoon-illustration_691560-3925.jpg,1
data/art/HIDIVE_OSHI_NO_KO_1682155135941_1682155148326.jpg,1
data/art/Screen-Shot-2022-10-06-at-11.05.20-AM.png,1
data/art/images158.jpg,1
data/art/images164.jpg,1
data/art/images170.jpg,1
data/art/Anime_Key_Visual_2.png,1
data/art/Starry-Night-canvas-Vincent-van-Gogh-New-1889.jpg,1
data/art/Bridget-Riley-Blaze-1962-C2A9-Bridget-Riley-2018-National-Galleries-Scotland.jpeg,1
data/art/images171.jpg,1
data/art/images165.jpg,1
data/art/image9.jpeg,1
data/art/0e503918829c61bd24803ce064546cee.jpg,1
data/art/images159.jpg,1
data/art/images207.jpg,1
data/art/images74.jpg,1
data/art/images213.jpg,1
data/art/images60.jpg,1
data/art/images48.jpg,1
data/art/image11.jpeg,1
data/art/71a2fcf2d37f054ceaeee00c21259838778f75cc.jpg,1
data/art/images274.jpg,1
data/art/images260.jpg,1
data/art/images13.jpg,1
data/art/images248.jpg,1
data/art/demon_slayer_mugen-580x326.jpg,1
data/art/image2.jpeg,1
data/art/images102.jpg,1
data/art/images116.jpg,1
data/art/2022-11_Mr_You_Can_Hear_The_Song_Of_This_Town_PEOPLE_003-scaled.jpg,1
data/art/31iH1SJizUL._AC_UF10001000_QL80_.jpg,1
data/art/images300.jpg,1
data/art/images314.jpg,1
data/art/images328.jpg,1
data/art/images329.jpg,1
data/art/enr198main-Cropped-c924ad6.jpg,1
data/art/images315.jpg,1
data/art/images301.jpg,1
data/art/1681989035470_1145714.png,1
data/art/the-best-shonen-anime-series_uyqr.jpg,1
data/art/images117.jpg,1
data/art/images103.jpg,1
data/art/image20.jpeg,1
data/art/images249.jpg,1
data/art/images12.jpg,1
data/art/images261.jpg,1
data/art/images275.jpg,1
data/art/image16.jpeg,1
data/art/images288.jpg,1
data/art/images10.jpg,1
data/art/images263.jpg,1
data/art/images277.jpg,1
data/art/images38.jpg,1
data/art/anime-survey2-900x600.jpg,1
data/art/art.jpg,1
data/art/images115.jpg,1
data/art/images101.jpg,1
data/art/fe94e7_b1c56d4138d0446e8880fafa73c05e55mv2.png,1
data/art/images129.jpg,1
data/art/images317.jpg,1
data/art/images303.jpg,1
data/art/images302.jpg,1
data/art/images316.jpg,1
data/art/d28c54abdc3cd7a767c5cdc8284881c7.jpg,1
data/art/1st20place.jpg,1
data/art/99df90c4-e301-47f8-a2c2-07d324d4c91el.jpg,1
data/art/images128.jpg,1
data/art/images100.jpg,1
data/art/images114.jpg,1
data/art/cute-and-beautiful-anime-girls-with-cat-vector.jpg,1
data/art/713P4TbGI3L._AC_UF8941000_QL80_.jpg,1
data/art/17b8e-16635957088029-1920.jpg,1
data/art/images39.jpg,1
data/art/images276.jpg,1
data/art/images262.jpg,1
data/art/images11.jpg,1
data/art/images289.jpg,1
data/art/images299.jpg,1
data/art/ATC45_TinaWhiteley.jpg,1
data/art/images29.jpg,1
data/art/images15.jpg,1
data/art/images266.jpg,1
data/art/330px-Great_Wave_off_Kanagawa2.jpg,1
data/art/images272.jpg,1
data/art/00033gq4yg_2023-06-03_10-21-20.jpg,1
data/art/bleach-tybw-is-now-the-top-rated-anime-after-its-finale-aired-details-here.jpg,1
data/art/Perceptual_-_Nehemiah_Cisneros_Homepage_Header_.original.jpg,1
data/art/5c012eec9eef195ccdc36e79fc1da9e344-anime-lede.2x.rsocial.w600.jpg,1
data/art/art-at-gateways-example-2_1200x300_acf_cropped.jpg,1
data/art/images138.jpg,1
data/art/images110.jpg,1
data/art/images104.jpg,1
data/art/images312.jpg,1
data/art/images306.jpg,1
data/art/images307.jpg,1
data/art/images313.jpg,1
data/art/2a62ad68ded490edcce3b2bd049085291e29ceab-5120x2880.jpg,1
data/art/images105.jpg,1
data/art/images111.jpg,1
data/art/images139.jpg,1
data/art/vq2see8YMRukLWQSUt6E8M-1200-80.jpg,1
data/art/How-to-Draw-Op-Art-Bullseye-Finished-Drawing-With-Highlights-and-Shadows-1024x789.jpg,1
data/art/61iwElTo6ML._AC_UF10001000_QL80_.jpg,1
data/art/images273.jpg,1
data/art/images267.jpg,1
data/art/images14.jpg,1
data/art/images28.jpg,1
data/art/image17.jpeg,1
data/art/86731_LP_Anime_MT.jpg,1
data/art/images298.jpg,1
data/art/37163-7-classroom-art-activities-inspired-famous-artists-thumbnail-0-600x400.png,1
data/art/images259.jpg,1
data/art/1688105171209_desktopwallpaperkakashihatakeforandroid900x1440.jpg,1
data/art/images271.jpg,1
data/art/images265.jpg,1
data/art/images16.jpg,1
data/art/images.jpg,1
data/art/21tmag-opening-slide-R19V-articleLarge.jpg,1
data/art/image21.jpeg,1
data/art/images107.jpg,1
data/art/images113.jpg,1
data/art/4111613-mha-01.png,1
data/art/images305.jpg,1
data/art/images311.jpg,1
data/art/images310.jpg,1
data/art/6447953565c86d001de9aa14.jpg,1
data/art/images304.jpg,1
data/art/Anime.jpg,1
data/art/images112.jpg,1
data/art/images106.jpg,1
data/art/Anime_HellsParadise.jpg,1
data/art/image3.jpeg,1
data/art/main-pic-1.jpg,1
data/art/11best-art-cotter-1-45f9-superJumbo.jpg,1
data/art/teaser-visual_no-logo.jpg,1
data/art/images17.jpg,1
data/art/images264.jpg,1
data/art/hq720.jpg,1
data/art/images270.jpg,1
data/art/images258.jpg,1
data/real_life/Baton-Rouge-Family-Photographer-Vititoe-New-Orleans-37-2.jpg,0
data/real_life/images26.jpg,0
data/real_life/images32.jpg,0
data/real_life/photos-01.jpg,0
data/real_life/pexels-photo-1308881.jpeg,0
data/real_life/33600706724_333958835c_b.jpg,0
data/real_life/image22.jpeg,0
data/real_life/1133898.jpeg,0
data/real_life/otography-family-photojournalism-documentary-kids-photographer-authentic-002.jpg,0
data/real_life/pexels-photo-312839.jpeg,0
data/real_life/roated-hummingbird-flying-next-to-beautiful-bloom-flower-savegre-co-95610310.jpg,0
data/real_life/stock-photo-159533631-1500x1000.jpg,0
data/real_life/44ba926c-b8b7-48b8-bb1b-d636d06815d7.jpg,0
data/real_life/Public-Domain.jpg,0
data/real_life/d34becc9ecf6f8b4b5c861bf61109176.jpg,0
data/real_life/images33.jpg,0
data/real_life/images27.jpg,0
data/real_life/image18.jpeg,0
data/real_life/images31.jpg,0
data/real_life/images25.jpg,0
data/real_life/images19.jpg,0
data/real_life/AKPQZvznfWt9Rk4k-1MAq1CjkAHbjXFwNo0cbicDTspijgs64-c-mo.jpg,0
data/real_life/f-the-camera-telluride-wedding-photographer-real-life-photographs-3-1024x684.jpg,0
data/real_life/landscape-photography-39.jpeg,0
data/real_life/truth-behind-photography-tricks-24.jpg,0
data/real_life/Documenting-ML-2.jpg,0
data/real_life/buffalo-family-photographer-in-home-documentary-real-life-family-session-028.JPG.jpg,0
data/real_life/TheLastRites-960w.jpg,0
data/real_life/images18.jpg,0
data/real_life/images24.jpg,0
data/real_life/images30.jpg,0
data/real_life/image14.jpeg,0
data/real_life/bb1bd6_f221ad0f4d6f4103bf1d37b68b04492emv2.png,0
data/real_life/image15.jpeg,0
data/real_life/images34.jpg,0
data/real_life/images20.jpg,0
data/real_life/t2C2020Professional2C20Daily20Life2C20201720Sony20World20Photography20Awards2.jpg,0
data/real_life/jan23-pyss-t01.jpg,0
data/real_life/Nothing-Is-Better-Than-Real-Life-1st-Place-Award-Fall-2021-Documentary-Family-Awards.jpg,0
data/real_life/1JHyApvI5d9BIaG1JyJHCFg.jpeg,0
data/real_life/how-to-add-multiple-photos-to-instagram-story.png,0
data/real_life/pexels-photo-3693901.jpeg,0
data/real_life/beautiful-nature-mountain-scenery-with-flowers-free-photo.jpg,0
data/real_life/are-your-photos-safe-in-cloud-butterfly.jpg,0
data/real_life/pexels-photo-1557652.jpeg,0
data/real_life/nienke-koedijk-documentary-family-photography-112.jpg,0
data/real_life/tilt-shift-photography.jpg,0
data/real_life/images21.jpg,0
data/real_life/images35.jpg,0
data/real_life/lk_harlan_photos_niagarafalls_slide-75313668d64ac1a8e67153dd13908f622da27485-s1100-c50.jpeg,0
data/real_life/images23.jpg,0
data/real_life/images37.jpg,0
data/real_life/image19.jpeg,0
data/real_life/buffalo-family-photographer-dawnmgibson-photography-032.JPG.jpg,0
data/real_life/pexels-photo-616376.jpeg,0
data/real_life/media_1b02972b5eec9bf0b2c5f145a00530f10c42165a2.png,0
data/real_life/Zoe-Tom-Arti-Family-Photography-25.jpg,0
data/real_life/pexels-photo-671549.jpeg,0
data/real_life/After.jpeg,0
data/real_life/everydaylife03.jpg,0
data/real_life/image23.jpeg,0
data/real_life/-love-sad-man-sitting-element-of-the-picture-is-decorated-by-nasa-free-photo.jpg,0
data/real_life/buffalo-family-photographer-in-home-documentary-real-life-family-session-020.JPG.jpg,0
data/real_life/images36.jpg,0
data/real_life/Life-on-the-Plains-Illinois-Frank-Sadorus-photography.jpg,0
data/real_life/images22.jpg,0
data/real_life/everyday28.jpg,0
data/real_life/images45.jpg,0
data/real_life/images51.jpg,0
data/real_life/pexels-photo-3139497.jpeg,0
data/real_life/258408_908562102911_420297_o.jpg,0
data/real_life/9d9dd9e4-e84a-402e-ba8f-daa659e6e6c5-PhotoWord_003.JPG.jpg,0
data/real_life/DAY-IN-THE-LIFE-PHOTOGRAPHER-WHITSTABLE-075.jpg,0
data/real_life/image28.jpeg,0
data/real_life/0x0.jpg,0
data/real_life/images6.jpg,0
data/real_life/maxresdefault.jpg,0
data/real_life/1.action-photos.jpg,0
data/real_life/DAY-IN-THE-LIFE-PHOTOGRAPHER-LONDON-09-2.jpg,0
data/real_life/Nothing-Is-Better-Than-Real-Life-6th-Place-Award-Fall-2021-Documentary-Family-Awards.jpg,0
data/real_life/images7.jpg,0
data/real_life/5ddfea42-7377-4bef-9ac4-f3bd407d52ab_landing-photo-to-cartoon-img5.jpeg,0
data/real_life/images50.jpg,0
data/real_life/images44.jpg,0
data/real_life/everyday15.jpg,0
data/real_life/everyday29.jpg,0
data/real_life/image12.jpeg,0
data/real_life/images52.jpg,0
data/real_life/images46.jpg,0
data/real_life/image32.jpeg,0
data/real_life/Sunset-Shells-Christy-Mandeville-Feb-9-2023.jpg,0
data/real_life/image24.jpeg,0
data/real_life/tree-736885_1280.jpg,0
data/real_life/images5.jpg,0
data/real_life/Tips_for_Taking_Photos_at_the_Beach_455x455_120c30c8-2e0d-4db8-af6f-2d7166f200e8.jpg,0
data/real_life/images4.jpg,0
data/real_life/image6.jpeg,0
data/real_life/Natural-family-photography-Edinburgh-035.jpg,0
data/real_life/03aizylUVApdyLAIku1AvRV-39.fit_lim.size_1200x630.v1605559903.png,0
data/real_life/images47.jpg,0
data/real_life/images53.jpg,0
data/real_life/black-ahead-a-bar-in-vidigal-a-favela-in-rio-de-janeiro.jpg,0
data/real_life/images57.jpg,0
data/real_life/Nothing-Is-Better-Than-Real-Life-2.jpg,0
data/real_life/4bb4e28b94e7e6e0115bd8d75acf07f0.png,0
data/real_life/images43.jpg,0
data/real_life/pexels-photo-214574.jpeg,0
data/real_life/image7.jpeg,0
data/real_life/Sunrise-over-Atlantic-Ocean-Marcy-Curran-Sept-23-2022.jpg,0
data/real_life/JN_Kylo11.jpg,0
data/real_life/image25.jpeg,0
data/real_life/buffalo-family-photographer-in-home-documentary-real-life-family-session-023.JPG.jpg,0
data/real_life/Nothing-Is-Better-Than-Real-Life-4th-Place-Award-Fall-2021-Documentary-Family-Awards.jpg,0
data/real_life/images42.jpg,0
data/real_life/pexels-photo-3680219.jpeg,0
data/real_life/images56.jpg,0
data/real_life/image13.jpeg,0
data/real_life/wide-angle-shot-single-tree-growing-clouded-sky-during-sunset-surrounded-by-grass_181624-22807.jpg,0
data/real_life/camping-on-top-of-the-mountain-during-sunset-free-photo.jpg,0
data/real_life/images40.jpg,0
data/real_life/Nothing-Is-Better-Than-Real-Life-1.jpg,0
data/real_life/images54.jpg,0
data/real_life/DAY-IN-THE-LIFE-PHOTOGRAPHER-LONDON-48-2.jpg,0
data/real_life/real1.jpg,0
data/real_life/ai-generated-photos-aurel-manea-1.jpg,0
data/real_life/pol_SOL-62618_inspo_der-141402.jpg,0
data/real_life/images3.jpg,0
data/real_life/Connecticut-Wedding-Photographer-Mansion-1-1024x683.jpg,0
data/real_life/image29.jpeg,0
data/real_life/images2.jpg,0
data/real_life/images55.jpg,0
data/real_life/images41.jpg,0
data/real_life/image10.jpeg,0
data/real_life/everyday09.jpg,0
data/real_life/W7SrK.jpg,0
data/real_life/images58.jpg,0
data/real_life/heart-700141_1280.jpg,0
data/real_life/DAY-IN-THE-LIFE-PHOTOGRAPHER-LONDON-213.jpg,0
data/real_life/image8.jpeg,0
data/real_life/Natural-Real-life-Family-Photographer-Cambridge-Cambridgeshire.jpg,0
data/real_life/candomble-religion-practiced-mainly-in-brazil-ritual-in-vidigal-a-favela-in-rio-de-janeiro.jpg,0
data/real_life/JacksonArtesan-edit0010-1.jpg,0
data/real_life/Photos2Bin2BReal2BLife.jpg,0
data/real_life/images59.jpg,0
data/real_life/4ec42252d66505e299133850cccd4949.png,0
data/real_life/everyday20.jpg,0
data/real_life/89bca64f7179087ffb95fc1ff766914cab1e9910_m.png,0
data/real_life/146898-phones-feature-the-best-apple-iphone-photos-ever-taken-image1-ydter7skel.jpg,0
data/real_life/shutterstock_451077043-hero1.jpg,0
data/real_life/buffalo-family-photographer-in-home-documentary-real-life-family-session-026.JPG.jpg,0
data/real_life/I-try-to-add-daily-objects-in-my-still-life-photography-5b0b163c41d90__880.jpg,0
data/real_life/image4.jpeg,0
data/real_life/pngtree-double-row-tree-path-with-yellow-deciduous-autumn-leaves-image_519106.jpg,0
data/real_life/t2C2020Professional2C20Daily20Life2C20201720Sony20World20Photography20Awards.jpg,0
data/real_life/Unposed-relaxed-Cambridge-Family-photographer-real-life.jpg,0
data/real_life/tablet.jpg,0
data/real_life/JacksonArtesan-edoit025-1.jpg,0
data/real_life/2b09bd87-493a-432c-8ea0-dcc2f914c2f2.jpg,0
data/real_life/image26.jpeg,0
data/real_life/ing-butterflies-in-nature-outdoors-spring-season-concept-generative-ai-photo.jpg,0
data/real_life/21b27a56-b0c3-4654-9223-f3ef4b0f1e88.jpg,0
data/real_life/19413fe1-9db4-472b-8104-20b1bb6d356e.jpg,0
data/real_life/image30.jpeg,0
data/real_life/7049c.jpg,0
data/real_life/image.jpeg,0
data/real_life/95e172d3eb81402996bfa05b2276ab62.jpg,0
data/real_life/images62.jpg,0
data/real_life/1.-WINNER_Sara_yysro.jpg,0
data/real_life/image31.jpeg,0
data/real_life/image27.jpeg,0
data/real_life/stock-photo-114337435-1500x1000.jpg,0
data/real_life/Nothing-Is-Better-Than-Real-Life-Honorable-Mention-Award-Fall-2021-Documentary-Family-Awards-27.jpg,0
data/real_life/visiting-site-photo-frame.jpg,0
data/real_life/images9.jpg,0
data/real_life/01_Batman_Coffee_Day_04_47A1952_Final_0.jpg,0
data/real_life/angry-birds-5.jpg,0
data/real_life/images8.jpg,0
data/real_life/image5.jpeg,0
data/real_life/pexels-photo-2893685.jpeg,0
data/real_life/sea-water-ocean-wave-surfing-surface-colorful-vibrant-sunset-barrel-shape-124362369.jpg,0
data/real_life/images63.jpg,0
data/real_life/profile-picture.jpeg,0
data/real_life/everyday26.jpg,0
data/real_life/y-a-police-officer-while-playing-with-his-phone-on-the-doorsteps-of-his-home.jpg,0
data/real_life/images49.jpg,0
data/real_life/images61.jpg,0
data/real_life/DSC01262800longedge.jpeg,0
data/real_life/Real_Life_Family_of_Four-6-7d3f8d4b.jpg,0
data/real_life/10770708584_3b9fd91822_z.jpg,0
data/real_life/image9.jpeg,0
data/real_life/DANIELLE-GUENTHER-1.jpg,0
data/real_life/gettyimages-594941190_large.jpg,0
data/real_life/images60.jpg,0
data/real_life/images48.jpg,0
data/real_life/image11.jpeg,0
data/real_life/images13.jpg,0
data/real_life/telluride-boutique-photographer-real-life-photographs-1024x717.jpg,0
data/real_life/image2.jpeg,0
data/real_life/image20.jpeg,0
data/real_life/images12.jpg,0
data/real_life/couple-love-postcard-valentine-s-day-generative-ai_791958-21.jpg,0
data/real_life/image16.jpeg,0
data/real_life/images10.jpg,0
data/real_life/images38.jpg,0
data/real_life/devices_tablet.jpg,0
data/real_life/mini-hero-photos.image.large_2x.png,0
data/real_life/stock-photo-maderas-312058103.jpg,0
data/real_life/p06t31l6.jpg,0
data/real_life/images39.jpg,0
data/real_life/images11.jpg,0
data/real_life/RayJohnson4_860x.jpg,0
data/real_life/I-try-to-add-daily-objects-in-my-still-life-photography-5b0b14e78bd56__880.jpg,0
data/real_life/1st-Place-Nothing-Is-Better-Than-Real-Life-Photo-by-Branka-Bhoyrul-2020v1.jpg,0
data/real_life/pexels-photo-2531237.jpeg,0
data/real_life/images29.jpg,0
data/real_life/images15.jpg,0
data/real_life/2.png,0
data/real_life/logo-copy-1024x370.jpg,0
data/real_life/ART-969-2.jpg,0
data/real_life/130111184542-irpt-surreal-dream-we-belong-use-this.jpg,0
data/real_life/Gear-Photos-597589287.jpg,0
data/real_life/photo-composition-e1597393995467-797x1024.jpg,0
data/real_life/pexels-photo-206557.jpeg,0
data/real_life/wall-art-real-life-photographs-telluride-photographer.jpg,0
data/real_life/images14.jpg,0
data/real_life/images28.jpg,0
data/real_life/2-year-old-boy-and-family-photoshoot-2951-One-Big-Happy-Photo-a9b8218b.jpeg,0
data/real_life/image17.jpeg,0
data/real_life/ood-fairytale-personage-walking-in-the-forest-with-basket-in-her-hand-photo.jpeg,0
data/real_life/par137743-1280x840.jpg,0
data/real_life/images16.jpg,0
data/real_life/images.jpg,0
data/real_life/Collage-Maker-02-Jul-2023-11-39-PM-4088.jpg,0
data/real_life/630feb2331313e9d59b61c4b_richard.png,0
data/real_life/image21.jpeg,0
data/real_life/image-5.jpg,0
data/real_life/laurent-pont-star-wars-in-real-life-12.jpg,0
data/real_life/love-letters-and-hearts.jpg,0
data/real_life/b454bfbc2b3bb8e5d32f7e35aa6463b3.jpg,0
data/real_life/free-stock-photos-03-scaled.jpeg,0
data/real_life/documentary-brussels-real-life-photography-5-2.jpg,0
data/real_life/image3.jpeg,0
data/real_life/Popular-Stock-Photos-Sunset-Over-Lake-and-Mountain.jpg,0
data/real_life/richardterborg_opa10.jpg,0
data/real_life/images17.jpg,0
data/real_life/pure-nature-landscape-single-tree-in-green-field-free-photo.jpg,0
